/announcing-masterdev-2014,/blog/announcing-masterdev-2014
/archive,/blog
/back-from-microsoft-teched-2014,/blog/back-from-microsoft-teched-2014
/blog/index.html,/blog
/blog/page2,/blog
/blog/page2/index.html,/blog
/blog/page3,/blog
/blog/page3/index.html,/blog
/contact,/about
/contact/bedankt,/about
/dienstverlening,/work
/dienstverlening/applicatie-ontwerp,/work
/dienstverlening/architectuur,/work
/dienstverlening/artikelen-schrijven,/work
/dienstverlening/rapid-prototyping,/work
/dienstverlening/software-ontwikkeling,/work
/dienstverlening/solution-architectuur,/work
/dienstverlening/technische-coach,/work
/en,/
/en/contact,/about
/en/contact/thankyou,/about
/en/projects,/work
/en/projects/kanzi,/work/infosupport
/en/projects/ov-chipkaart,/work/ov-chipkaart
/en/projects/screenconsult,/work/screenconsult
/en/projects/selectives,/work/dpg-media
/en/projects/wing,/work/dedicon
/en/services,/work
/en/services/application-design,/work
/en/services/professional-blogger,/work
/en/services/rapid-prototyping,/work
/en/services/software-development,/work
/en/services/solution-architecture,/work
/en/services/technical-coach,/work
/en/vision,/work
/getting-webapi-and-areas-to-play-nicely,/blog/getting-webapi-and-areas-to-play-nicely
/good-gravy-i-won-an-award,/blog/good-gravy-i-won-an-award
/haalmehierweg,/about
/improving-dbentityvalidationexception,/blog/improving-dbentityvalidationexception
/improving-dbentityvalidationexception/index.html,/blog/improving-dbentityvalidationexception
/index.html,/
/localizing-microsoft-reportviewer,/blog/localizing-microsoft-reportviewer
/privacy,/
/projecten,/work
/projecten/kanzi,/work/infosupport
/projecten/ov-chipkaart,/work/ov-chipkaart
/projecten/screenconsult,/work/screenconsult
/projecten/selectives,/work/dpg-media
/projecten/wing,/work/dedicon
/quick-debugging-knockoutjs-in-chrome,/blog/quick-debugging-knockoutjs-in-chrome
/strong-naming-third-party-assemblies,/blog/strong-naming-third-party-assemblies
/visie,/about